{
    "name": "root",
    "gauges": {
        "Huntercontroller.Policy.Entropy.mean": {
            "value": 1.4455476999282837,
            "min": 1.4121744632720947,
            "max": 1.4457679986953735,
            "count": 87
        },
        "Huntercontroller.Policy.Entropy.sum": {
            "value": 7250.8671875,
            "min": 6557.2421875,
            "max": 7662.11279296875,
            "count": 87
        },
        "Huntercontroller.Environment.EpisodeLength.mean": {
            "value": 130.25925925925927,
            "min": 47.16,
            "max": 384.42105263157896,
            "count": 87
        },
        "Huntercontroller.Environment.EpisodeLength.sum": {
            "value": 3517.0,
            "min": 1179.0,
            "max": 12209.0,
            "count": 87
        },
        "Huntercontroller.Step.mean": {
            "value": 449967.0,
            "min": 19983.0,
            "max": 449967.0,
            "count": 87
        },
        "Huntercontroller.Step.sum": {
            "value": 449967.0,
            "min": 19983.0,
            "max": 449967.0,
            "count": 87
        },
        "Huntercontroller.Policy.ExtrinsicValueEstimate.mean": {
            "value": -6042.3037109375,
            "min": -16815.69140625,
            "max": 8.907313346862793,
            "count": 87
        },
        "Huntercontroller.Policy.ExtrinsicValueEstimate.sum": {
            "value": -567976.5625,
            "min": -1597490.625,
            "max": 988.7117919921875,
            "count": 87
        },
        "Huntercontroller.Environment.CumulativeReward.mean": {
            "value": 12.472094888212505,
            "min": -72.19495807034629,
            "max": 27.60930234193802,
            "count": 87
        },
        "Huntercontroller.Environment.CumulativeReward.sum": {
            "value": 336.7465619817376,
            "min": -2526.82353246212,
            "max": 1434.2227322161198,
            "count": 87
        },
        "Huntercontroller.Policy.ExtrinsicReward.mean": {
            "value": 12.472094888212505,
            "min": -72.19495807034629,
            "max": 27.60930234193802,
            "count": 87
        },
        "Huntercontroller.Policy.ExtrinsicReward.sum": {
            "value": 336.7465619817376,
            "min": -2526.82353246212,
            "max": 1434.2227322161198,
            "count": 87
        },
        "Huntercontroller.IsTraining.mean": {
            "value": 1.0,
            "min": 1.0,
            "max": 1.0,
            "count": 87
        },
        "Huntercontroller.IsTraining.sum": {
            "value": 1.0,
            "min": 1.0,
            "max": 1.0,
            "count": 87
        },
        "AgentController.Policy.Entropy.mean": {
            "value": 1.3896329402923584,
            "min": 1.3896329402923584,
            "max": 1.4286518096923828,
            "count": 87
        },
        "AgentController.Policy.Entropy.sum": {
            "value": 7153.830078125,
            "min": 6599.65283203125,
            "max": 7816.974609375,
            "count": 87
        },
        "AgentController.Environment.EpisodeLength.mean": {
            "value": 87.57142857142857,
            "min": 50.578947368421055,
            "max": 400.89473684210526,
            "count": 87
        },
        "AgentController.Environment.EpisodeLength.sum": {
            "value": 2452.0,
            "min": 961.0,
            "max": 13227.0,
            "count": 87
        },
        "AgentController.Step.mean": {
            "value": 449992.0,
            "min": 19981.0,
            "max": 449992.0,
            "count": 87
        },
        "AgentController.Step.sum": {
            "value": 449992.0,
            "min": 19981.0,
            "max": 449992.0,
            "count": 87
        },
        "AgentController.Policy.ExtrinsicValueEstimate.mean": {
            "value": 22.548667907714844,
            "min": 0.7360005974769592,
            "max": 30.001815795898438,
            "count": 87
        },
        "AgentController.Policy.ExtrinsicValueEstimate.sum": {
            "value": 2142.12353515625,
            "min": 60.03831100463867,
            "max": 2940.177978515625,
            "count": 87
        },
        "AgentController.Environment.CumulativeReward.mean": {
            "value": 81.11111111111111,
            "min": 3.9473684210526314,
            "max": 99.47368421052632,
            "count": 87
        },
        "AgentController.Environment.CumulativeReward.sum": {
            "value": 2190.0,
            "min": 75.0,
            "max": 3780.0,
            "count": 87
        },
        "AgentController.Policy.ExtrinsicReward.mean": {
            "value": 81.11111111111111,
            "min": 3.9473684210526314,
            "max": 99.47368421052632,
            "count": 87
        },
        "AgentController.Policy.ExtrinsicReward.sum": {
            "value": 2190.0,
            "min": 75.0,
            "max": 3780.0,
            "count": 87
        },
        "AgentController.IsTraining.mean": {
            "value": 1.0,
            "min": 1.0,
            "max": 1.0,
            "count": 87
        },
        "AgentController.IsTraining.sum": {
            "value": 1.0,
            "min": 1.0,
            "max": 1.0,
            "count": 87
        },
        "AgentController.Losses.PolicyLoss.mean": {
            "value": 0.037495323305847705,
            "min": 0.03000419069780037,
            "max": 0.0404364649944182,
            "count": 42
        },
        "AgentController.Losses.PolicyLoss.sum": {
            "value": 0.037495323305847705,
            "min": 0.03000419069780037,
            "max": 0.0404364649944182,
            "count": 42
        },
        "AgentController.Losses.ValueLoss.mean": {
            "value": 199.7461895751953,
            "min": 20.64197540283203,
            "max": 255.9639971923828,
            "count": 42
        },
        "AgentController.Losses.ValueLoss.sum": {
            "value": 199.7461895751953,
            "min": 20.64197540283203,
            "max": 255.9639971923828,
            "count": 42
        },
        "AgentController.Policy.LearningRate.mean": {
            "value": 3.1601489466200004e-05,
            "min": 3.1601489466200004e-05,
            "max": 0.0002844318051893999,
            "count": 42
        },
        "AgentController.Policy.LearningRate.sum": {
            "value": 3.1601489466200004e-05,
            "min": 3.1601489466200004e-05,
            "max": 0.0002844318051893999,
            "count": 42
        },
        "AgentController.Policy.Epsilon.mean": {
            "value": 0.11053380000000004,
            "min": 0.11053380000000004,
            "max": 0.19481060000000003,
            "count": 42
        },
        "AgentController.Policy.Epsilon.sum": {
            "value": 0.11053380000000004,
            "min": 0.11053380000000004,
            "max": 0.19481060000000003,
            "count": 42
        },
        "AgentController.Policy.Beta.mean": {
            "value": 0.0005356366200000002,
            "min": 0.0005356366200000002,
            "max": 0.004741048939999999,
            "count": 42
        },
        "AgentController.Policy.Beta.sum": {
            "value": 0.0005356366200000002,
            "min": 0.0005356366200000002,
            "max": 0.004741048939999999,
            "count": 42
        },
        "Huntercontroller.Losses.PolicyLoss.mean": {
            "value": 0.09026776840910315,
            "min": 0.029649585588049376,
            "max": 0.1410429287701845,
            "count": 42
        },
        "Huntercontroller.Losses.PolicyLoss.sum": {
            "value": 0.09026776840910315,
            "min": 0.029649585588049376,
            "max": 0.1410429287701845,
            "count": 42
        },
        "Huntercontroller.Losses.ValueLoss.mean": {
            "value": 87147271.49375,
            "min": 8.840395998954772,
            "max": 87147271.49375,