{
    "name": "root",
    "gauges": {
        "Huntercontroller.Policy.Entropy.mean": {
            "value": 1.4129425287246704,
            "min": 1.4120261669158936,
            "max": 1.425686001777649,
            "count": 40
        },
        "Huntercontroller.Policy.Entropy.sum": {
            "value": 6994.0654296875,
            "min": 6508.6708984375,
            "max": 8990.39453125,
            "count": 40
        },
        "Huntercontroller.Environment.EpisodeLength.mean": {
            "value": 1432.857142857143,
            "min": 50.4,
            "max": 1846.0,
            "count": 38
        },
        "Huntercontroller.Environment.EpisodeLength.sum": {
            "value": 10030.0,
            "min": 135.0,
            "max": 13595.0,
            "count": 38
        },
        "Huntercontroller.Step.mean": {
            "value": 199959.0,
            "min": 4938.0,
            "max": 199959.0,
            "count": 40
        },
        "Huntercontroller.Step.sum": {
            "value": 199959.0,
            "min": 4938.0,
            "max": 199959.0,
            "count": 40
        },
        "Huntercontroller.Policy.ExtrinsicValueEstimate.mean": {
            "value": -1.3988100290298462,
            "min": -1.3988100290298462,
            "max": 0.0690796747803688,
            "count": 40
        },
        "Huntercontroller.Policy.ExtrinsicValueEstimate.sum": {
            "value": -113.3036117553711,
            "min": -113.3036117553711,
            "max": 6.1480913162231445,
            "count": 40
        },
        "Huntercontroller.Environment.CumulativeReward.mean": {
            "value": -23.279046588710376,
            "min": -23.279046588710376,
            "max": 30.08480215072632,
            "count": 38
        },
        "Huntercontroller.Environment.CumulativeReward.sum": {
            "value": -162.95332612097263,
            "min": -205.01138977706432,
            "max": 59.77592200785875,
            "count": 38
        },
        "Huntercontroller.Policy.ExtrinsicReward.mean": {
            "value": -23.279046588710376,
            "min": -23.279046588710376,
            "max": 30.08480215072632,
            "count": 38
        },
        "Huntercontroller.Policy.ExtrinsicReward.sum": {
            "value": -162.95332612097263,
            "min": -205.01138977706432,
            "max": 59.77592200785875,
            "count": 38
        },
        "Huntercontroller.IsTraining.mean": {
            "value": 1.0,
            "min": 1.0,
            "max": 1.0,
            "count": 40
        },
        "Huntercontroller.IsTraining.sum": {
            "value": 1.0,
            "min": 1.0,
            "max": 1.0,
            "count": 40
        },
        "AgentController.Policy.Entropy.mean": {
            "value": 1.4085663557052612,
            "min": 1.4044495820999146,
            "max": 1.425962209701538,
            "count": 40
        },
        "AgentController.Policy.Entropy.sum": {
            "value": 6972.4033203125,
            "min": 5993.595703125,
            "max": 8990.39453125,
            "count": 40
        },
        "AgentController.Environment.EpisodeLength.mean": {
            "value": 584.0,
            "min": 94.5,
            "max": 1301.75,
            "count": 39
        },
        "AgentController.Environment.EpisodeLength.sum": {
            "value": 4672.0,
            "min": 135.0,
            "max": 11766.0,
            "count": 39
        },
        "AgentController.Step.mean": {
            "value": 199954.0,
            "min": 4987.0,
            "max": 199954.0,
            "count": 40
        },
        "AgentController.Step.sum": {
            "value": 199954.0,
            "min": 4987.0,
            "max": 199954.0,
            "count": 40
        },
        "AgentController.Policy.ExtrinsicValueEstimate.mean": {
            "value": 4.960779190063477,
            "min": 0.5231700539588928,
            "max": 6.402675151824951,
            "count": 40
        },
        "AgentController.Policy.ExtrinsicValueEstimate.sum": {
            "value": 406.7839050292969,
            "min": 40.8072624206543,
            "max": 563.4354248046875,
            "count": 40
        },
        "AgentController.Environment.CumulativeReward.mean": {
            "value": 76.66666666666667,
            "min": -15.0,
            "max": 115.625,
            "count": 39
        },
        "AgentController.Environment.CumulativeReward.sum": {
            "value": 690.0,
            "min": -140.0,
            "max": 1165.0,
            "count": 39
        },
        "AgentController.Policy.ExtrinsicReward.mean": {
            "value": 76.66666666666667,
            "min": -15.0,
            "max": 115.625,
            "count": 39
        },
        "AgentController.Policy.ExtrinsicReward.sum": {
            "value": 690.0,
            "min": -140.0,
            "max": 1165.0,
            "count": 39
        },
        "AgentController.IsTraining.mean": {
            "value": 1.0,
            "min": 1.0,
            "max": 1.0,
            "count": 40
        },
        "AgentController.IsTraining.sum": {
            "value": 1.0,
            "min": 1.0,
            "max": 1.0,
            "count": 40
        },
        "Huntercontroller.Losses.PolicyLoss.mean": {
            "value": 0.026781094106263482,
            "min": 0.026781094106263482,
            "max": 0.04004957880242728,
            "count": 19
        },
        "Huntercontroller.Losses.PolicyLoss.sum": {
            "value": 0.026781094106263482,
            "min": 0.026781094106263482,
            "max": 0.04004957880242728,
            "count": 19
        },
        "Huntercontroller.Losses.ValueLoss.mean": {
            "value": 2.2934167236089706,
            "min": 0.654723570868373,
            "max": 3.5176437750458716,
            "count": 19
        },
        "Huntercontroller.Losses.ValueLoss.sum": {
            "value": 2.2934167236089706,
            "min": 0.654723570868373,
            "max": 3.5176437750458716,
            "count": 19
        },
        "Huntercontroller.Policy.LearningRate.mean": {
            "value": 6.027097991000015e-06,
            "min": 6.027097991000015e-06,
            "max": 0.00028459950513350004,
            "count": 19
        },
        "Huntercontroller.Policy.LearningRate.sum": {
            "value": 6.027097991000015e-06,
            "min": 6.027097991000015e-06,
            "max": 0.00028459950513350004,
            "count": 19
        },
        "Huntercontroller.Policy.Epsilon.mean": {
            "value": 0.10200900000000002,
            "min": 0.10200900000000002,
            "max": 0.19486650000000003,
            "count": 19
        },
        "Huntercontroller.Policy.Epsilon.sum": {
            "value": 0.10200900000000002,
            "min": 0.10200900000000002,
            "max": 0.19486650000000003,
            "count": 19
        },
        "Huntercontroller.Policy.Beta.mean": {
            "value": 0.00011024910000000026,
            "min": 0.00011024910000000026,
            "max": 0.0047438383500000006,
            "count": 19
        },
        "Huntercontroller.Policy.Beta.sum": {
            "value": 0.00011024910000000026,
            "min": 0.00011024910000000026,
            "max": 0.0047438383500000006,
            "count": 19
        },
        "AgentController.Losses.PolicyLoss.mean": {
            "value": 0.038185452921316025,
            "min": 0.02962375115370378,
            "max": 0.03974961615089342,
            "count": 19
        },
        "AgentController.Losses.PolicyLoss.sum": {
            "value": 0.038185452921316025,
            "min": 0.02962375115370378,
            "max": 0.03974961615089342,
            "count": 19
        },
        "AgentController.Losses.ValueLoss.mean": {
            "value": 21.88280556678772,
            "min": 6.1399465894699095,
            "max": 29.187992134094237,
            "count": 19
        },