{
    "name": "root",
    "gauges": {
        "AgentController.Policy.Entropy.mean": {
            "value": 1.4176321029663086,
            "min": 1.416671633720398,
            "max": 1.4395701885223389,
            "count": 100
        },
        "AgentController.Policy.Entropy.sum": {
            "value": 6940.7265625,
            "min": 6390.6279296875,
            "max": 8717.9580078125,
            "count": 100
        },
        "AgentController.Environment.EpisodeLength.mean": {
            "value": 42.785714285714285,
            "min": 37.66086956521739,
            "max": 590.1666666666666,
            "count": 100
        },
        "AgentController.Environment.EpisodeLength.sum": {
            "value": 599.0,
            "min": 599.0,
            "max": 8222.0,
            "count": 100
        },
        "AgentController.Step.mean": {
            "value": 499986.0,
            "min": 4968.0,
            "max": 499986.0,
            "count": 100
        },
        "AgentController.Step.sum": {
            "value": 499986.0,
            "min": 4968.0,
            "max": 499986.0,
            "count": 100
        },
        "AgentController.Policy.ExtrinsicValueEstimate.mean": {
            "value": 9.489774703979492,
            "min": -0.10586072504520416,
            "max": 19.066659927368164,
            "count": 100
        },
        "AgentController.Policy.ExtrinsicValueEstimate.sum": {
            "value": 806.630859375,
            "min": -8.362997055053711,
            "max": 2783.732421875,
            "count": 100
        },
        "AgentController.Environment.CumulativeReward.mean": {
            "value": 15.384615384615385,
            "min": -8.26923076923077,
            "max": 62.391304347826086,
            "count": 100
        },
        "AgentController.Environment.CumulativeReward.sum": {
            "value": 200.0,
            "min": -215.0,
            "max": 3680.0,
            "count": 100
        },
        "AgentController.Policy.ExtrinsicReward.mean": {
            "value": 15.384615384615385,
            "min": -8.26923076923077,
            "max": 62.391304347826086,
            "count": 100
        },
        "AgentController.Policy.ExtrinsicReward.sum": {
            "value": 200.0,
            "min": -215.0,
            "max": 3680.0,
            "count": 100
        },
        "AgentController.IsTraining.mean": {
            "value": 1.0,
            "min": 1.0,
            "max": 1.0,
            "count": 100
        },
        "AgentController.IsTraining.sum": {
            "value": 1.0,
            "min": 1.0,
            "max": 1.0,
            "count": 100
        },
        "Huntercontroller.Policy.Entropy.mean": {
            "value": 1.4214962720870972,
            "min": 1.4148874282836914,
            "max": 1.4437505006790161,
            "count": 100
        },
        "Huntercontroller.Policy.Entropy.sum": {
            "value": 7187.0849609375,
            "min": 6430.759765625,
            "max": 8842.0810546875,
            "count": 100
        },
        "Huntercontroller.Environment.EpisodeLength.mean": {
            "value": 47.30769230769231,
            "min": 34.01801801801802,
            "max": 558.1538461538462,
            "count": 100
        },
        "Huntercontroller.Environment.EpisodeLength.sum": {
            "value": 615.0,
            "min": 615.0,
            "max": 7724.0,
            "count": 100
        },
        "Huntercontroller.Step.mean": {
            "value": 499959.0,
            "min": 4978.0,
            "max": 499959.0,
            "count": 100
        },
        "Huntercontroller.Step.sum": {
            "value": 499959.0,
            "min": 4978.0,
            "max": 499959.0,
            "count": 100
        },
        "Huntercontroller.Policy.ExtrinsicValueEstimate.mean": {
            "value": 2.881967306137085,
            "min": 0.008530257269740105,
            "max": 13.318909645080566,
            "count": 100
        },
        "Huntercontroller.Policy.ExtrinsicValueEstimate.sum": {
            "value": 242.0852508544922,
            "min": 0.7250718474388123,
            "max": 1837.454833984375,
            "count": 100
        },
        "Huntercontroller.Environment.CumulativeReward.mean": {
            "value": 18.46153846153846,
            "min": -3.3333333333333335,
            "max": 20.0,
            "count": 100
        },
        "Huntercontroller.Environment.CumulativeReward.sum": {
            "value": 240.0,
            "min": -140.0,
            "max": 1985.0,
            "count": 100
        },
        "Huntercontroller.Policy.ExtrinsicReward.mean": {
            "value": 18.46153846153846,
            "min": -3.3333333333333335,
            "max": 20.0,
            "count": 100
        },
        "Huntercontroller.Policy.ExtrinsicReward.sum": {
            "value": 240.0,
            "min": -140.0,
            "max": 1985.0,
            "count": 100
        },
        "Huntercontroller.IsTraining.mean": {
            "value": 1.0,
            "min": 1.0,
            "max": 1.0,
            "count": 100
        },
        "Huntercontroller.IsTraining.sum": {
            "value": 1.0,
            "min": 1.0,
            "max": 1.0,
            "count": 100
        },
        "Huntercontroller.Losses.PolicyLoss.mean": {
            "value": 0.0353573780325678,
            "min": 0.030935793983808253,
            "max": 0.03794879935350764,
            "count": 48
        },
        "Huntercontroller.Losses.PolicyLoss.sum": {
            "value": 0.0353573780325678,
            "min": 0.030935793983808253,
            "max": 0.03794879935350764,
            "count": 48
        },
        "Huntercontroller.Losses.ValueLoss.mean": {
            "value": 3.297707242965698,
            "min": 2.8102242082357405,
            "max": 11.691324949264526,
            "count": 48
        },
        "Huntercontroller.Losses.ValueLoss.sum": {
            "value": 3.297707242965698,
            "min": 2.8102242082357405,
            "max": 11.691324949264526,
            "count": 48
        },
        "Huntercontroller.Policy.LearningRate.mean": {
            "value": 4.180898606399985e-06,
            "min": 4.180898606399985e-06,
            "max": 0.00029385420204860004,
            "count": 48
        },
        "Huntercontroller.Policy.LearningRate.sum": {
            "value": 4.180898606399985e-06,
            "min": 4.180898606399985e-06,
            "max": 0.00029385420204860004,
            "count": 48
        },
        "Huntercontroller.Policy.Epsilon.mean": {
            "value": 0.1013936,
            "min": 0.1013936,
            "max": 0.1979514,
            "count": 48
        },
        "Huntercontroller.Policy.Epsilon.sum": {
            "value": 0.1013936,
            "min": 0.1013936,
            "max": 0.1979514,
            "count": 48
        },
        "Huntercontroller.Policy.Beta.mean": {
            "value": 7.954063999999975e-05,
            "min": 7.954063999999975e-05,
            "max": 0.004897774860000001,
            "count": 48
        },
        "Huntercontroller.Policy.Beta.sum": {
            "value": 7.954063999999975e-05,
            "min": 7.954063999999975e-05,
            "max": 0.004897774860000001,
            "count": 48
        },
        "AgentController.Losses.PolicyLoss.mean": {
            "value": 0.03440108770519146,
            "min": 0.03134015165571327,
            "max": 0.03731497805177469,
            "count": 48
        },
        "AgentController.Losses.PolicyLoss.sum": {
            "value": 0.03440108770519146,
            "min": 0.03134015165571327,
            "max": 0.03731497805177469,
            "count": 48
        },
        "AgentController.Losses.ValueLoss.mean": {
            "value": 61.63895841598511,
            "min": 1.5086581230163574,
            "max": 110.06522636413574,
            "count": 48
        },