{
    "name": "root",
    "gauges": {
        "Huntercontroller.Policy.Entropy.mean": {
            "value": 1.4085712432861328,
            "min": 1.3927576541900635,
            "max": 1.4204386472702026,
            "count": 100
        },
        "Huntercontroller.Policy.Entropy.sum": {
            "value": 7018.91064453125,
            "min": 6410.7353515625,
            "max": 8849.9189453125,
            "count": 100
        },
        "Huntercontroller.Environment.EpisodeLength.mean": {
            "value": 134.04545454545453,
            "min": 66.32558139534883,
            "max": 440.0,
            "count": 100
        },
        "Huntercontroller.Environment.EpisodeLength.sum": {
            "value": 5898.0,
            "min": 2395.0,
            "max": 9569.0,
            "count": 100
        },
        "Huntercontroller.Step.mean": {
            "value": 499982.0,
            "min": 4961.0,
            "max": 499982.0,
            "count": 100
        },
        "Huntercontroller.Step.sum": {
            "value": 499982.0,
            "min": 4961.0,
            "max": 499982.0,
            "count": 100
        },
        "Huntercontroller.Policy.ExtrinsicValueEstimate.mean": {
            "value": -163677.34375,
            "min": -301018.34375,
            "max": 38.29076385498047,
            "count": 100
        },
        "Huntercontroller.Policy.ExtrinsicValueEstimate.sum": {
            "value": -16367734.0,
            "min": -30703870.0,
            "max": 4221.4951171875,
            "count": 100
        },
        "Huntercontroller.Environment.CumulativeReward.mean": {
            "value": 102.30469265851107,
            "min": -457.2036031376232,
            "max": 158.26587244180533,
            "count": 100
        },
        "Huntercontroller.Environment.CumulativeReward.sum": {
            "value": 4501.406476974487,
            "min": -20116.95853805542,
            "max": 6044.21279335022,
            "count": 100
        },
        "Huntercontroller.Policy.ExtrinsicReward.mean": {
            "value": 102.30469265851107,
            "min": -457.2036031376232,
            "max": 158.26587244180533,
            "count": 100
        },
        "Huntercontroller.Policy.ExtrinsicReward.sum": {
            "value": 4501.406476974487,
            "min": -20116.95853805542,
            "max": 6044.21279335022,
            "count": 100
        },
        "Huntercontroller.IsTraining.mean": {
            "value": 1.0,
            "min": 1.0,
            "max": 1.0,
            "count": 100
        },
        "Huntercontroller.IsTraining.sum": {
            "value": 1.0,
            "min": 1.0,
            "max": 1.0,
            "count": 100
        },
        "AgentController.Policy.Entropy.mean": {
            "value": 1.3443326950073242,
            "min": 1.3443326950073242,
            "max": 1.4239124059677124,
            "count": 100
        },
        "AgentController.Policy.Entropy.sum": {
            "value": 6920.625,
            "min": 6385.427734375,
            "max": 8990.39453125,
            "count": 100
        },
        "AgentController.Environment.EpisodeLength.mean": {
            "value": 82.96825396825396,
            "min": 70.109375,
            "max": 541.375,
            "count": 100
        },
        "AgentController.Environment.EpisodeLength.sum": {
            "value": 5227.0,
            "min": 2163.0,
            "max": 8662.0,
            "count": 100
        },
        "AgentController.Step.mean": {
            "value": 499973.0,
            "min": 4940.0,
            "max": 499973.0,
            "count": 100
        },
        "AgentController.Step.sum": {
            "value": 499973.0,
            "min": 4940.0,
            "max": 499973.0,
            "count": 100
        },
        "AgentController.Policy.ExtrinsicValueEstimate.mean": {
            "value": 72.01652526855469,
            "min": -0.7497836947441101,
            "max": 72.01652526855469,
            "count": 100
        },
        "AgentController.Policy.ExtrinsicValueEstimate.sum": {
            "value": 8065.8505859375,
            "min": -63.73161315917969,
            "max": 8065.8505859375,
            "count": 100
        },
        "AgentController.Environment.CumulativeReward.mean": {
            "value": 135.47619047619048,
            "min": -21.875,
            "max": 181.25,
            "count": 100
        },
        "AgentController.Environment.CumulativeReward.sum": {
            "value": 8535.0,
            "min": -410.0,
            "max": 10290.0,
            "count": 100
        },
        "AgentController.Policy.ExtrinsicReward.mean": {
            "value": 135.47619047619048,
            "min": -21.875,
            "max": 181.25,
            "count": 100
        },
        "AgentController.Policy.ExtrinsicReward.sum": {
            "value": 8535.0,
            "min": -410.0,
            "max": 10290.0,
            "count": 100
        },
        "AgentController.IsTraining.mean": {
            "value": 1.0,
            "min": 1.0,
            "max": 1.0,
            "count": 100
        },
        "AgentController.IsTraining.sum": {
            "value": 1.0,
            "min": 1.0,
            "max": 1.0,
            "count": 100
        },
        "Huntercontroller.Losses.PolicyLoss.mean": {
            "value": 0.11348191308788955,
            "min": 0.0299882345374499,
            "max": 0.1514962854795158,
            "count": 48
        },
        "Huntercontroller.Losses.PolicyLoss.sum": {
            "value": 0.11348191308788955,
            "min": 0.0299882345374499,
            "max": 0.1514962854795158,
            "count": 48
        },
        "Huntercontroller.Losses.ValueLoss.mean": {
            "value": 16734612467.2,
            "min": 200.99886417388916,
            "max": 19454191590.4,
            "count": 48
        },
        "Huntercontroller.Losses.ValueLoss.sum": {
            "value": 16734612467.2,
            "min": 200.99886417388916,
            "max": 19454191590.4,
            "count": 48
        },
        "Huntercontroller.Policy.LearningRate.mean": {
            "value": 3.8916987027999965e-06,
            "min": 3.8916987027999965e-06,
            "max": 0.0002938524020492,
            "count": 48
        },
        "Huntercontroller.Policy.LearningRate.sum": {
            "value": 3.8916987027999965e-06,
            "min": 3.8916987027999965e-06,
            "max": 0.0002938524020492,
            "count": 48
        },
        "Huntercontroller.Policy.Epsilon.mean": {
            "value": 0.1012972,
            "min": 0.1012972,
            "max": 0.19795080000000004,
            "count": 48
        },
        "Huntercontroller.Policy.Epsilon.sum": {
            "value": 0.1012972,
            "min": 0.1012972,
            "max": 0.19795080000000004,
            "count": 48
        },
        "Huntercontroller.Policy.Beta.mean": {
            "value": 7.473027999999992e-05,
            "min": 7.473027999999992e-05,
            "max": 0.004897744920000001,
            "count": 48
        },
        "Huntercontroller.Policy.Beta.sum": {
            "value": 7.473027999999992e-05,
            "min": 7.473027999999992e-05,
            "max": 0.004897744920000001,
            "count": 48
        },
        "AgentController.Losses.PolicyLoss.mean": {
            "value": 0.035927884409029505,
            "min": 0.03002076453078189,
            "max": 0.04191504491376691,
            "count": 48
        },
        "AgentController.Losses.PolicyLoss.sum": {
            "value": 0.035927884409029505,
            "min": 0.03002076453078189,
            "max": 0.04191504491376691,
            "count": 48
        },
        "AgentController.Losses.ValueLoss.mean": {
            "value": 1446.4017700195313,
            "min": 29.111999740600584,
            "max": 1446.4017700195313,
            "count": 48
        },