{
    "name": "root",
    "gauges": {
        "AgentController.Policy.Entropy.mean": {
            "value": 0.38827505707740784,
            "min": 0.38827505707740784,
            "max": 1.4751702547073364,
            "count": 318
        },
        "AgentController.Policy.Entropy.sum": {
            "value": 1960.4007568359375,
            "min": 1866.284912109375,
            "max": 8990.39453125,
            "count": 318
        },
        "AgentController.Environment.EpisodeLength.mean": {
            "value": 241.66666666666666,
            "min": 75.0204081632653,
            "max": 548.1428571428571,
            "count": 318
        },
        "AgentController.Environment.EpisodeLength.sum": {
            "value": 3625.0,
            "min": 957.0,
            "max": 10430.0,
            "count": 318
        },
        "AgentController.Step.mean": {
            "value": 1589983.0,
            "min": 4969.0,
            "max": 1589983.0,
            "count": 318
        },
        "AgentController.Step.sum": {
            "value": 1589983.0,
            "min": 4969.0,
            "max": 1589983.0,
            "count": 318
        },
        "AgentController.Policy.ExtrinsicValueEstimate.mean": {
            "value": 0.550016462802887,
            "min": -11.592459678649902,
            "max": 7.433291912078857,
            "count": 318
        },
        "AgentController.Policy.ExtrinsicValueEstimate.sum": {
            "value": 47.301414489746094,
            "min": -1129.5966796875,
            "max": 780.4956665039062,
            "count": 318
        },
        "AgentController.Environment.CumulativeReward.mean": {
            "value": 27.333333333333332,
            "min": -48.0,
            "max": 52.857142857142854,
            "count": 318
        },
        "AgentController.Environment.CumulativeReward.sum": {
            "value": 410.0,
            "min": -1460.0,
            "max": 1820.0,
            "count": 318
        },
        "AgentController.Policy.ExtrinsicReward.mean": {
            "value": 27.333333333333332,
            "min": -48.0,
            "max": 52.857142857142854,
            "count": 318
        },
        "AgentController.Policy.ExtrinsicReward.sum": {
            "value": 410.0,
            "min": -1460.0,
            "max": 1820.0,
            "count": 318
        },
        "AgentController.IsTraining.mean": {
            "value": 1.0,
            "min": 1.0,
            "max": 1.0,
            "count": 318
        },
        "AgentController.IsTraining.sum": {
            "value": 1.0,
            "min": 1.0,
            "max": 1.0,
            "count": 318
        },
        "Huntercontroller.Policy.Entropy.mean": {
            "value": 0.29462555050849915,
            "min": 0.29462555050849915,
            "max": 1.4189385175704956,
            "count": 318
        },
        "Huntercontroller.Policy.Entropy.sum": {
            "value": 1487.5643310546875,
            "min": 1427.3099365234375,
            "max": 8990.39453125,
            "count": 318
        },
        "Huntercontroller.Environment.EpisodeLength.mean": {
            "value": 241.66666666666666,
            "min": 65.3,
            "max": 548.1428571428571,
            "count": 318
        },
        "Huntercontroller.Environment.EpisodeLength.sum": {
            "value": 3625.0,
            "min": 1212.0,
            "max": 10049.0,
            "count": 318
        },
        "Huntercontroller.Step.mean": {
            "value": 1589983.0,
            "min": 4997.0,
            "max": 1589983.0,
            "count": 318
        },
        "Huntercontroller.Step.sum": {
            "value": 1589983.0,
            "min": 4997.0,
            "max": 1589983.0,
            "count": 318
        },
        "Huntercontroller.Policy.ExtrinsicValueEstimate.mean": {
            "value": 39.63227081298828,
            "min": -0.8516496419906616,
            "max": 52.203914642333984,
            "count": 318
        },
        "Huntercontroller.Policy.ExtrinsicValueEstimate.sum": {
            "value": 3408.375244140625,
            "min": -70.68692016601562,
            "max": 5474.833984375,
            "count": 318
        },
        "Huntercontroller.Environment.CumulativeReward.mean": {
            "value": 94.50907637278239,
            "min": -19.806608581542967,
            "max": 170.2611874739329,
            "count": 318
        },
        "Huntercontroller.Environment.CumulativeReward.sum": {
            "value": 1417.6361455917358,
            "min": -594.1982574462891,
            "max": 6162.108116149902,
            "count": 318
        },
        "Huntercontroller.Policy.ExtrinsicReward.mean": {
            "value": 94.50907637278239,
            "min": -19.806608581542967,
            "max": 170.2611874739329,
            "count": 318
        },
        "Huntercontroller.Policy.ExtrinsicReward.sum": {
            "value": 1417.6361455917358,
            "min": -594.1982574462891,
            "max": 6162.108116149902,
            "count": 318
        },
        "Huntercontroller.IsTraining.mean": {
            "value": 1.0,
            "min": 1.0,
            "max": 1.0,
            "count": 318
        },
        "Huntercontroller.IsTraining.sum": {
            "value": 1.0,
            "min": 1.0,
            "max": 1.0,
            "count": 318
        },
        "AgentController.Losses.PolicyLoss.mean": {
            "value": 0.03469777295017957,
            "min": 0.03332234936763234,
            "max": 0.0363975899859588,
            "count": 154
        },
        "AgentController.Losses.PolicyLoss.sum": {
            "value": 0.03469777295017957,
            "min": 0.03332234936763234,
            "max": 0.0363975899859588,
            "count": 154
        },
        "AgentController.Losses.ValueLoss.mean": {
            "value": 164.94352213668824,
            "min": 21.144611804485322,
            "max": 304.9155740051269,
            "count": 154
        },
        "AgentController.Losses.ValueLoss.sum": {
            "value": 164.94352213668824,
            "min": 21.144611804485322,
            "max": 304.9155740051269,
            "count": 154
        },
        "AgentController.Policy.LearningRate.mean": {
            "value": 0.0002049478516840601,
            "min": 0.0002049478516840601,
            "max": 0.00029937876020708,
            "count": 154
        },
        "AgentController.Policy.LearningRate.sum": {
            "value": 0.0002049478516840601,
            "min": 0.0002049478516840601,
            "max": 0.00029937876020708,
            "count": 154
        },
        "AgentController.Policy.Epsilon.mean": {
            "value": 0.16831593999999994,
            "min": 0.16831593999999994,
            "max": 0.19979292000000004,
            "count": 154
        },
        "AgentController.Policy.Epsilon.sum": {
            "value": 0.16831593999999994,
            "min": 0.16831593999999994,
            "max": 0.19979292000000004,
            "count": 154
        },
        "AgentController.Policy.Beta.mean": {
            "value": 0.0034189654060000014,
            "min": 0.0034189654060000014,
            "max": 0.004989666708,
            "count": 154
        },
        "AgentController.Policy.Beta.sum": {
            "value": 0.0034189654060000014,
            "min": 0.0034189654060000014,
            "max": 0.004989666708,
            "count": 154
        },
        "Huntercontroller.Losses.PolicyLoss.mean": {
            "value": 0.0359042555687538,
            "min": 0.0330850840700623,
            "max": 0.03644629945733777,
            "count": 154
        },
        "Huntercontroller.Losses.PolicyLoss.sum": {
            "value": 0.0359042555687538,
            "min": 0.0330850840700623,
            "max": 0.03644629945733777,
            "count": 154
        },
        "Huntercontroller.Losses.ValueLoss.mean": {
            "value": 385.94193772888184,