{
    "name": "root",
    "metadata": {
        "timer_format_version": "0.1.0",
        "start_time_seconds": "1703744446",
        "python_version": "3.9.13 (tags/v3.9.13:6de2ca5, May 17 2022, 16:36:42) [MSC v.1929 64 bit (AMD64)]",
        "command_line_arguments": "D:\\unity projects\\My project (1)\\ml\\Scripts\\mlagents-learn --run-id =PelletGrab1",
        "mlagents_version": "0.30.0",
        "mlagents_envs_version": "0.30.0",
        "communication_protocol_version": "1.5.0",
        "pytorch_version": "2.1.2+cpu",
        "numpy_version": "1.21.2",
        "end_time_seconds": "1703744458"
    },
    "total": 11.560595600000001,
    "count": 1,
    "self": 0.006350400000000533,
    "children": {
        "run_training.setup": {
            "total": 0.02015889999999998,
            "count": 1,
            "self": 0.02015889999999998
        },
        "TrainerController.start_learning": {
            "total": 11.5340863,
            "count": 1,
            "self": 0.00017070000000174446,
            "children": {
                "TrainerController._reset_env": {
                    "total": 11.2060347,
                    "count": 1,
                    "self": 11.2060347
                },
                "TrainerController.advance": {
                    "total": 0.3181420999999993,
                    "count": 1,
                    "self": 5.899999999670058e-06,
                    "children": {
                        "env_step": {
                            "total": 0.31813619999999965,
                            "count": 1,
                            "self": 8.039999999986946e-05,
                            "children": {
                                "SubprocessEnvManager._take_step": {
                                    "total": 0.3180557999999998,
                                    "count": 1,
                                    "self": 2.150000000078478e-05,
                                    "children": {
                                        "TorchPolicy.evaluate": {
                                            "total": 0.318034299999999,
                                            "count": 1,
                                            "self": 0.318034299999999
                                        }
                                    }
                                }
                            }
                        }
                    }
                },
                "TrainerController._save_models": {
                    "total": 0.00973879999999916,
                    "count": 1,
                    "self": 2.3399999999895726e-05,
                    "children": {
                        "RLTrainer._checkpoint": {
                            "total": 0.009715399999999264,
                            "count": 1,
                            "self": 0.009715399999999264
                        }
                    }
                }
            }
        }
    }
}