{"count":1,"self":4648.1408,"total":27942.6670116,"children":{"InitializeActuators":{"count":66,"self":0.0015626,"total":0.0015626,"children":null},"InitializeSensors":{"count":66,"self":0.0031311999999999998,"total":0.0031311999999999998,"children":null},"AgentSendState":{"count":241751,"self":141.79605759999998,"total":896.6878197,"children":{"CollectObservations":{"count":3191166,"self":20.962623999999998,"total":20.962624599999998,"children":null},"WriteActionMask":{"count":3191166,"self":1.6515033,"total":1.6515033,"children":null},"RequestDecision":{"count":3191166,"self":8.0835031999999991,"total":732.2776334,"children":{"AgentInfo.ToProto":{"count":3191166,"self":7.0119256,"total":724.19413009999994,"children":{"GenerateSensorData":{"count":3191166,"self":713.0360832,"total":717.1822042,"children":{"RayPerceptionSensor.Perceive":{"count":3191166,"self":4.146114,"total":4.1461139,"children":null}}}}}}}}},"DecideAction":{"count":241751,"self":22335.656755199998,"total":22335.657495299998,"children":null},"AgentAct":{"count":241751,"self":50.620031999999995,"total":50.6200318,"children":null},"AgentInfo.ToProto":{"count":19807,"self":0.12727349999999998,"total":11.5550915,"children":{"GenerateSensorData":{"count":19807,"self":11.349240799999999,"total":11.427818,"children":{"RayPerceptionSensor.Perceive":{"count":19807,"self":0.0785773,"total":0.0785773,"children":null}}}}}},"gauges":{"Agent Controller.CumulativeReward":{"count":9793,"max":310,"min":-200,"runningAverage":11.6021652,"value":-50,"weightedAverage":3.83717775},"Hunter controller.CumulativeReward":{"count":10014,"max":1382.71851,"min":-2208.16553,"runningAverage":108.804405,"value":12.9769554,"weightedAverage":163.411346}},"metadata":{"timer_format_version":"0.1.0","start_time_seconds":"1733926628","unity_version":"2022.3.16f1","command_line_arguments":"D:\\Unity\\2022.3.16f1\\Editor\\Unity.exe -projectpath D:\\unity projects\\My project (1) -useHub -hubIPC -cloudEnvironment production -licensingIpc LicenseClient-guruy -hubSessionId e87741f3-e3d1-4b8d-8600-5eaaf9b834e5 -accessToken X9f2j82VAnLi0ApjAxkOStq3WA1na89R4ubUOX-Ixiw00cf","communication_protocol_version":"1.5.0","com.unity.ml-agents_version":"2.0.1","scene_name":"finalpresentation","end_time_seconds":"1733954571"}}