{
    "name": "root",
    "gauges": {
        "Huntercontroller.Policy.Entropy.mean": {
            "value": 1.4192464351654053,
            "min": 1.4189385175704956,
            "max": 1.4192464351654053,
            "count": 3
        },
        "Huntercontroller.Policy.Entropy.sum": {
            "value": 7540.4560546875,
            "min": 6368.1962890625,
            "max": 8990.39453125,
            "count": 3
        },
        "Huntercontroller.Environment.EpisodeLength.mean": {
            "value": 148.9375,
            "min": 70.78947368421052,
            "max": 148.9375,
            "count": 3
        },
        "Huntercontroller.Environment.EpisodeLength.sum": {
            "value": 4766.0,
            "min": 1345.0,
            "max": 4950.0,
            "count": 3
        },
        "Huntercontroller.Step.mean": {
            "value": 14988.0,
            "min": 4948.0,
            "max": 14988.0,
            "count": 3
        },
        "Huntercontroller.Step.sum": {
            "value": 14988.0,
            "min": 4948.0,
            "max": 14988.0,
            "count": 3
        },
        "Huntercontroller.Policy.ExtrinsicValueEstimate.mean": {
            "value": -0.22206076979637146,
            "min": -0.22206076979637146,
            "max": 0.03818957880139351,
            "count": 3
        },
        "Huntercontroller.Policy.ExtrinsicValueEstimate.sum": {
            "value": -21.539894104003906,
            "min": -21.539894104003906,
            "max": 3.322493314743042,
            "count": 3
        },
        "Huntercontroller.Environment.CumulativeReward.mean": {
            "value": 2.991291196551174,
            "min": 2.58759553808915,
            "max": 7.005631503131655,
            "count": 3
        },
        "Huntercontroller.Environment.CumulativeReward.sum": {
            "value": 95.72131828963757,
            "min": 49.16431522369385,
            "max": 252.20273411273956,
            "count": 3
        },
        "Huntercontroller.Policy.ExtrinsicReward.mean": {
            "value": 2.991291196551174,
            "min": 2.58759553808915,
            "max": 7.005631503131655,
            "count": 3
        },
        "Huntercontroller.Policy.ExtrinsicReward.sum": {
            "value": 95.72131828963757,
            "min": 49.16431522369385,
            "max": 252.20273411273956,
            "count": 3
        },
        "Huntercontroller.IsTraining.mean": {
            "value": 1.0,
            "min": 1.0,
            "max": 1.0,
            "count": 3
        },
        "Huntercontroller.IsTraining.sum": {
            "value": 1.0,
            "min": 1.0,
            "max": 1.0,
            "count": 3
        },
        "AgentController.Policy.Entropy.mean": {
            "value": 1.4255584478378296,
            "min": 1.4189385175704956,
            "max": 1.4255584478378296,
            "count": 3
        },
        "AgentController.Policy.Entropy.sum": {
            "value": 7668.0791015625,
            "min": 6274.5458984375,
            "max": 8990.39453125,
            "count": 3
        },
        "AgentController.Environment.EpisodeLength.mean": {
            "value": 185.83333333333334,
            "min": 63.45454545454545,
            "max": 185.83333333333334,
            "count": 3
        },
        "AgentController.Environment.EpisodeLength.sum": {
            "value": 4460.0,
            "min": 698.0,
            "max": 4460.0,
            "count": 3
        },
        "AgentController.Step.mean": {
            "value": 14936.0,
            "min": 4997.0,
            "max": 14936.0,
            "count": 3
        },
        "AgentController.Step.sum": {
            "value": 14936.0,
            "min": 4997.0,
            "max": 14936.0,
            "count": 3
        },
        "AgentController.Policy.ExtrinsicValueEstimate.mean": {
            "value": -0.19106197357177734,
            "min": -0.19106197357177734,
            "max": 0.16755352914333344,
            "count": 3
        },
        "AgentController.Policy.ExtrinsicValueEstimate.sum": {
            "value": -17.577701568603516,
            "min": -17.577701568603516,
            "max": 15.247371673583984,
            "count": 3
        },
        "AgentController.Environment.CumulativeReward.mean": {
            "value": -15.8,
            "min": -28.181818181818183,
            "max": -15.416666666666666,
            "count": 3
        },
        "AgentController.Environment.CumulativeReward.sum": {
            "value": -395.0,
            "min": -395.0,
            "max": -310.0,
            "count": 3
        },
        "AgentController.Policy.ExtrinsicReward.mean": {
            "value": -15.8,
            "min": -28.181818181818183,
            "max": -15.416666666666666,
            "count": 3
        },
        "AgentController.Policy.ExtrinsicReward.sum": {
            "value": -395.0,
            "min": -395.0,
            "max": -310.0,
            "count": 3
        },
        "AgentController.IsTraining.mean": {
            "value": 1.0,
            "min": 1.0,
            "max": 1.0,
            "count": 3
        },
        "AgentController.IsTraining.sum": {
            "value": 1.0,
            "min": 1.0,
            "max": 1.0,
            "count": 3
        },
        "Huntercontroller.Losses.PolicyLoss.mean": {
            "value": 0.031913797747984064,
            "min": 0.031913797747984064,
            "max": 0.031913797747984064,
            "count": 1
        },
        "Huntercontroller.Losses.PolicyLoss.sum": {
            "value": 0.031913797747984064,
            "min": 0.031913797747984064,
            "max": 0.031913797747984064,
            "count": 1
        },
        "Huntercontroller.Losses.ValueLoss.mean": {
            "value": 24.158480513095856,
            "min": 24.158480513095856,
            "max": 24.158480513095856,
            "count": 1
        },
        "Huntercontroller.Losses.ValueLoss.sum": {
            "value": 24.158480513095856,
            "min": 24.158480513095856,
            "max": 24.158480513095856,
            "count": 1
        },
        "Huntercontroller.Policy.LearningRate.mean": {
            "value": 0.0002938470020509999,
            "min": 0.0002938470020509999,
            "max": 0.0002938470020509999,
            "count": 1
        },
        "Huntercontroller.Policy.LearningRate.sum": {
            "value": 0.0002938470020509999,
            "min": 0.0002938470020509999,
            "max": 0.0002938470020509999,
            "count": 1
        },
        "Huntercontroller.Policy.Epsilon.mean": {
            "value": 0.19794899999999999,
            "min": 0.19794899999999999,
            "max": 0.19794899999999999,
            "count": 1
        },
        "Huntercontroller.Policy.Epsilon.sum": {
            "value": 0.19794899999999999,
            "min": 0.19794899999999999,
            "max": 0.19794899999999999,
            "count": 1
        },
        "Huntercontroller.Policy.Beta.mean": {
            "value": 0.004897655100000001,
            "min": 0.004897655100000001,
            "max": 0.004897655100000001,
            "count": 1
        },
        "Huntercontroller.Policy.Beta.sum": {
            "value": 0.004897655100000001,
            "min": 0.004897655100000001,
            "max": 0.004897655100000001,
            "count": 1
        },
        "AgentController.Losses.PolicyLoss.mean": {
            "value": 0.028720027389354072,
            "min": 0.028720027389354072,
            "max": 0.028720027389354072,
            "count": 1
        },
        "AgentController.Losses.PolicyLoss.sum": {
            "value": 0.028720027389354072,
            "min": 0.028720027389354072,
            "max": 0.028720027389354072,
            "count": 1
        },
        "AgentController.Losses.ValueLoss.mean": {
            "value": 35.08201647758484,
            "min": 35.08201647758484,
            "max": 35.08201647758484,