{
    "name": "root",
    "gauges": {
        "AgentController.Policy.Entropy.mean": {
            "value": 1.3830194473266602,
            "min": 1.3824766874313354,
            "max": 1.4189385175704956,
            "count": 100
        },
        "AgentController.Policy.Entropy.sum": {
            "value": 6709.02734375,
            "min": 6274.5458984375,
            "max": 8990.39453125,
            "count": 100
        },
        "AgentController.Environment.EpisodeLength.mean": {
            "value": 70.71428571428571,
            "min": 56.724137931034484,
            "max": 567.8571428571429,
            "count": 100
        },
        "AgentController.Environment.EpisodeLength.sum": {
            "value": 3960.0,
            "min": 1242.0,
            "max": 7950.0,
            "count": 100
        },
        "AgentController.Step.mean": {
            "value": 499955.0,
            "min": 4973.0,
            "max": 499955.0,
            "count": 100
        },
        "AgentController.Step.sum": {
            "value": 499955.0,
            "min": 4973.0,
            "max": 499955.0,
            "count": 100
        },
        "AgentController.Policy.ExtrinsicValueEstimate.mean": {
            "value": -2.367276668548584,
            "min": -10.11176586151123,
            "max": 0.7286149859428406,
            "count": 100
        },
        "AgentController.Policy.ExtrinsicValueEstimate.sum": {
            "value": -253.29861450195312,
            "min": -1126.147216796875,
            "max": 64.11811828613281,
            "count": 100
        },
        "AgentController.Environment.CumulativeReward.mean": {
            "value": -1.875,
            "min": -27.441860465116278,
            "max": 61.785714285714285,
            "count": 100
        },
        "AgentController.Environment.CumulativeReward.sum": {
            "value": -105.0,
            "min": -1270.0,
            "max": 865.0,
            "count": 100
        },
        "AgentController.Policy.ExtrinsicReward.mean": {
            "value": -1.875,
            "min": -27.441860465116278,
            "max": 61.785714285714285,
            "count": 100
        },
        "AgentController.Policy.ExtrinsicReward.sum": {
            "value": -105.0,
            "min": -1270.0,
            "max": 865.0,
            "count": 100
        },
        "AgentController.IsTraining.mean": {
            "value": 1.0,
            "min": 1.0,
            "max": 1.0,
            "count": 100
        },
        "AgentController.IsTraining.sum": {
            "value": 1.0,
            "min": 1.0,
            "max": 1.0,
            "count": 100
        },
        "Huntercontroller.Policy.Entropy.mean": {
            "value": 1.4223670959472656,
            "min": 1.4094077348709106,
            "max": 1.4239414930343628,
            "count": 100
        },
        "Huntercontroller.Policy.Entropy.sum": {
            "value": 6993.77880859375,
            "min": 6475.8173828125,
            "max": 8990.39453125,
            "count": 100
        },
        "Huntercontroller.Environment.EpisodeLength.mean": {
            "value": 72.31666666666666,
            "min": 53.26865671641791,
            "max": 475.3076923076923,
            "count": 100
        },
        "Huntercontroller.Environment.EpisodeLength.sum": {
            "value": 4339.0,
            "min": 1952.0,
            "max": 7608.0,
            "count": 100
        },
        "Huntercontroller.Step.mean": {
            "value": 499963.0,
            "min": 4994.0,
            "max": 499963.0,
            "count": 100
        },
        "Huntercontroller.Step.sum": {
            "value": 499963.0,
            "min": 4994.0,
            "max": 499963.0,
            "count": 100
        },
        "Huntercontroller.Policy.ExtrinsicValueEstimate.mean": {
            "value": -17896.71875,
            "min": -24433.01171875,
            "max": 18.762571334838867,
            "count": 100
        },
        "Huntercontroller.Policy.ExtrinsicValueEstimate.sum": {
            "value": -1950742.25,
            "min": -2809796.25,
            "max": 2007.5950927734375,
            "count": 100
        },
        "Huntercontroller.Environment.CumulativeReward.mean": {
            "value": 11.402853778358233,
            "min": -1.7047654414369213,
            "max": 52.10337059287464,
            "count": 100
        },
        "Huntercontroller.Environment.CumulativeReward.sum": {
            "value": 672.7683729231358,
            "min": -52.84772868454456,
            "max": 2617.6050388514996,
            "count": 100
        },
        "Huntercontroller.Policy.ExtrinsicReward.mean": {
            "value": 11.402853778358233,
            "min": -1.7047654414369213,
            "max": 52.10337059287464,
            "count": 100
        },
        "Huntercontroller.Policy.ExtrinsicReward.sum": {
            "value": 672.7683729231358,
            "min": -52.84772868454456,
            "max": 2617.6050388514996,
            "count": 100
        },
        "Huntercontroller.IsTraining.mean": {
            "value": 1.0,
            "min": 1.0,
            "max": 1.0,
            "count": 100
        },
        "Huntercontroller.IsTraining.sum": {
            "value": 1.0,
            "min": 1.0,
            "max": 1.0,
            "count": 100
        },
        "Huntercontroller.Losses.PolicyLoss.mean": {
            "value": 0.11142236703599337,
            "min": 0.017974656930891796,
            "max": 0.11843720236793161,
            "count": 48
        },
        "Huntercontroller.Losses.PolicyLoss.sum": {
            "value": 0.11142236703599337,
            "min": 0.017974656930891796,
            "max": 0.11843720236793161,
            "count": 48
        },
        "Huntercontroller.Losses.ValueLoss.mean": {
            "value": 325395991.6,
            "min": 27.503339755535126,
            "max": 325395991.6,
            "count": 48
        },
        "Huntercontroller.Losses.ValueLoss.sum": {
            "value": 325395991.6,
            "min": 27.503339755535126,
            "max": 325395991.6,
            "count": 48
        },
        "Huntercontroller.Policy.LearningRate.mean": {
            "value": 4.098098634000001e-06,
            "min": 4.098098634000001e-06,
            "max": 0.0002938458020514,
            "count": 48
        },
        "Huntercontroller.Policy.LearningRate.sum": {
            "value": 4.098098634000001e-06,
            "min": 4.098098634000001e-06,
            "max": 0.0002938458020514,
            "count": 48
        },
        "Huntercontroller.Policy.Epsilon.mean": {
            "value": 0.10136600000000004,
            "min": 0.10136600000000004,
            "max": 0.19794859999999997,
            "count": 48
        },
        "Huntercontroller.Policy.Epsilon.sum": {
            "value": 0.10136600000000004,
            "min": 0.10136600000000004,
            "max": 0.19794859999999997,
            "count": 48
        },
        "Huntercontroller.Policy.Beta.mean": {
            "value": 7.816340000000003e-05,
            "min": 7.816340000000003e-05,
            "max": 0.004897635140000001,
            "count": 48
        },
        "Huntercontroller.Policy.Beta.sum": {
            "value": 7.816340000000003e-05,
            "min": 7.816340000000003e-05,
            "max": 0.004897635140000001,
            "count": 48
        },
        "AgentController.Losses.PolicyLoss.mean": {
            "value": 0.03370205295970664,
            "min": 0.02723363777321538,
            "max": 0.03916686575888889,
            "count": 48
        },
        "AgentController.Losses.PolicyLoss.sum": {
            "value": 0.03370205295970664,
            "min": 0.02723363777321538,
            "max": 0.03916686575888889,
            "count": 48
        },
        "AgentController.Losses.ValueLoss.mean": {
            "value": 107.86696632385254,
            "min": 31.630629453659058,