{
    "name": "root",
    "gauges": {
        "AgentController.Policy.Entropy.mean": {
            "value": 1.4023178815841675,
            "min": 1.4023178815841675,
            "max": 1.4351224899291992,
            "count": 100
        },
        "AgentController.Policy.Entropy.sum": {
            "value": 7034.0263671875,
            "min": 5993.595703125,
            "max": 8990.39453125,
            "count": 100
        },
        "AgentController.Environment.EpisodeLength.mean": {
            "value": 42.57142857142857,
            "min": 36.91338582677165,
            "max": 1002.0,
            "count": 100
        },
        "AgentController.Environment.EpisodeLength.sum": {
            "value": 4768.0,
            "min": 1066.0,
            "max": 8201.0,
            "count": 100
        },
        "AgentController.Step.mean": {
            "value": 499975.0,
            "min": 4982.0,
            "max": 499975.0,
            "count": 100
        },
        "AgentController.Step.sum": {
            "value": 499975.0,
            "min": 4982.0,
            "max": 499975.0,
            "count": 100
        },
        "AgentController.Policy.ExtrinsicValueEstimate.mean": {
            "value": -8.813545227050781,
            "min": -11.233839988708496,
            "max": 0.08963042497634888,
            "count": 100
        },
        "AgentController.Policy.ExtrinsicValueEstimate.sum": {
            "value": -1233.8963623046875,
            "min": -1516.568359375,
            "max": 7.17043399810791,
            "count": 100
        },
        "AgentController.Environment.CumulativeReward.mean": {
            "value": -6.061946902654867,
            "min": -38.888888888888886,
            "max": 5.333333333333333,
            "count": 100
        },
        "AgentController.Environment.CumulativeReward.sum": {
            "value": -685.0,
            "min": -2355.0,
            "max": 80.0,
            "count": 100
        },
        "AgentController.Policy.ExtrinsicReward.mean": {
            "value": -6.061946902654867,
            "min": -38.888888888888886,
            "max": 5.333333333333333,
            "count": 100
        },
        "AgentController.Policy.ExtrinsicReward.sum": {
            "value": -685.0,
            "min": -2355.0,
            "max": 80.0,
            "count": 100
        },
        "AgentController.IsTraining.mean": {
            "value": 1.0,
            "min": 1.0,
            "max": 1.0,
            "count": 100
        },
        "AgentController.IsTraining.sum": {
            "value": 1.0,
            "min": 1.0,
            "max": 1.0,
            "count": 100
        },
        "Huntercontroller.Policy.Entropy.mean": {
            "value": 1.3934657573699951,
            "min": 1.3933732509613037,
            "max": 1.4209764003753662,
            "count": 100
        },
        "Huntercontroller.Policy.Entropy.sum": {
            "value": 6943.6396484375,
            "min": 6274.5458984375,
            "max": 8990.39453125,
            "count": 100
        },
        "Huntercontroller.Environment.EpisodeLength.mean": {
            "value": 42.351351351351354,
            "min": 36.91338582677165,
            "max": 882.0,
            "count": 100
        },
        "Huntercontroller.Environment.EpisodeLength.sum": {
            "value": 4701.0,
            "min": 1457.0,
            "max": 8201.0,
            "count": 100
        },
        "Huntercontroller.Step.mean": {
            "value": 499975.0,
            "min": 4995.0,
            "max": 499975.0,
            "count": 100
        },
        "Huntercontroller.Step.sum": {
            "value": 499975.0,
            "min": 4995.0,
            "max": 499975.0,
            "count": 100
        },
        "Huntercontroller.Policy.ExtrinsicValueEstimate.mean": {
            "value": 49.91992950439453,
            "min": -0.46424946188926697,
            "max": 53.957130432128906,
            "count": 100
        },
        "Huntercontroller.Policy.ExtrinsicValueEstimate.sum": {
            "value": 6988.7900390625,
            "min": -37.60420608520508,
            "max": 8133.0283203125,
            "count": 100
        },
        "Huntercontroller.Environment.CumulativeReward.mean": {
            "value": 73.09388961962291,
            "min": -18.897053506639267,
            "max": 153.88784533280594,
            "count": 100
        },
        "Huntercontroller.Environment.CumulativeReward.sum": {
            "value": 8186.515637397766,
            "min": -340.14696311950684,
            "max": 10263.508655548096,
            "count": 100
        },
        "Huntercontroller.Policy.ExtrinsicReward.mean": {
            "value": 73.09388961962291,
            "min": -18.897053506639267,
            "max": 153.88784533280594,
            "count": 100
        },
        "Huntercontroller.Policy.ExtrinsicReward.sum": {
            "value": 8186.515637397766,
            "min": -340.14696311950684,
            "max": 10263.508655548096,
            "count": 100
        },
        "Huntercontroller.IsTraining.mean": {
            "value": 1.0,
            "min": 1.0,
            "max": 1.0,
            "count": 100
        },
        "Huntercontroller.IsTraining.sum": {
            "value": 1.0,
            "min": 1.0,
            "max": 1.0,
            "count": 100
        },
        "Huntercontroller.Losses.PolicyLoss.mean": {
            "value": 0.035664762093074384,
            "min": 0.026364862976333826,
            "max": 0.04200340578099713,
            "count": 48
        },
        "Huntercontroller.Losses.PolicyLoss.sum": {
            "value": 0.035664762093074384,
            "min": 0.026364862976333826,
            "max": 0.04200340578099713,
            "count": 48
        },
        "Huntercontroller.Losses.ValueLoss.mean": {
            "value": 717.7250152587891,
            "min": 206.46022129058838,
            "max": 754.5296806335449,
            "count": 48
        },
        "Huntercontroller.Losses.ValueLoss.sum": {
            "value": 717.7250152587891,
            "min": 206.46022129058838,
            "max": 754.5296806335449,
            "count": 48
        },
        "Huntercontroller.Policy.LearningRate.mean": {
            "value": 3.993098669000014e-06,
            "min": 3.993098669000014e-06,
            "max": 0.0002938236020587999,
            "count": 48
        },
        "Huntercontroller.Policy.LearningRate.sum": {
            "value": 3.993098669000014e-06,
            "min": 3.993098669000014e-06,
            "max": 0.0002938236020587999,
            "count": 48
        },
        "Huntercontroller.Policy.Epsilon.mean": {
            "value": 0.10133100000000003,
            "min": 0.10133100000000003,
            "max": 0.1979412,
            "count": 48
        },
        "Huntercontroller.Policy.Epsilon.sum": {
            "value": 0.10133100000000003,
            "min": 0.10133100000000003,
            "max": 0.1979412,
            "count": 48
        },
        "Huntercontroller.Policy.Beta.mean": {
            "value": 7.641690000000023e-05,
            "min": 7.641690000000023e-05,
            "max": 0.00489726588,
            "count": 48
        },
        "Huntercontroller.Policy.Beta.sum": {
            "value": 7.641690000000023e-05,
            "min": 7.641690000000023e-05,
            "max": 0.00489726588,
            "count": 48
        },
        "AgentController.Losses.PolicyLoss.mean": {
            "value": 0.03433855044597294,
            "min": 0.02886092582528363,
            "max": 0.03957566034630872,
            "count": 48
        },
        "AgentController.Losses.PolicyLoss.sum": {
            "value": 0.03433855044597294,
            "min": 0.02886092582528363,
            "max": 0.03957566034630872,
            "count": 48
        },
        "AgentController.Losses.ValueLoss.mean": {
            "value": 344.85810119628906,
            "min": 11.807761163711548,