{
    "name": "root",
    "gauges": {
        "AgentController.Policy.Entropy.mean": {
            "value": 1.3862152099609375,
            "min": 1.3860738277435303,
            "max": 1.4189385175704956,
            "count": 40
        },
        "AgentController.Policy.Entropy.sum": {
            "value": 7274.857421875,
            "min": 5823.46337890625,
            "max": 8717.9580078125,
            "count": 40
        },
        "AgentController.Environment.EpisodeLength.mean": {
            "value": 124.6,
            "min": 60.7,
            "max": 617.3,
            "count": 40
        },
        "AgentController.Environment.EpisodeLength.sum": {
            "value": 3115.0,
            "min": 607.0,
            "max": 9869.0,
            "count": 40
        },
        "AgentController.Step.mean": {
            "value": 199963.0,
            "min": 4969.0,
            "max": 199963.0,
            "count": 40
        },
        "AgentController.Step.sum": {
            "value": 199963.0,
            "min": 4969.0,
            "max": 199963.0,
            "count": 40
        },
        "AgentController.Policy.ExtrinsicValueEstimate.mean": {
            "value": 8.417376518249512,
            "min": -0.24908317625522614,
            "max": 12.38302993774414,
            "count": 40
        },
        "AgentController.Policy.ExtrinsicValueEstimate.sum": {
            "value": 757.5639038085938,
            "min": -20.92298698425293,
            "max": 1201.1539306640625,
            "count": 40
        },
        "AgentController.Environment.CumulativeReward.mean": {
            "value": 35.4,
            "min": -12.142857142857142,
            "max": 61.42857142857143,
            "count": 40
        },
        "AgentController.Environment.CumulativeReward.sum": {
            "value": 885.0,
            "min": -85.0,
            "max": 1430.0,
            "count": 40
        },
        "AgentController.Policy.ExtrinsicReward.mean": {
            "value": 35.4,
            "min": -12.142857142857142,
            "max": 61.42857142857143,
            "count": 40
        },
        "AgentController.Policy.ExtrinsicReward.sum": {
            "value": 885.0,
            "min": -85.0,
            "max": 1430.0,
            "count": 40
        },
        "AgentController.IsTraining.mean": {
            "value": 1.0,
            "min": 1.0,
            "max": 1.0,
            "count": 40
        },
        "AgentController.IsTraining.sum": {
            "value": 1.0,
            "min": 1.0,
            "max": 1.0,
            "count": 40
        },
        "Huntercontroller.Policy.Entropy.mean": {
            "value": 1.4341646432876587,
            "min": 1.4189149141311646,
            "max": 1.434686541557312,
            "count": 40
        },
        "Huntercontroller.Policy.Entropy.sum": {
            "value": 7480.60302734375,
            "min": 6463.904296875,
            "max": 8717.9580078125,
            "count": 40
        },
        "Huntercontroller.Environment.EpisodeLength.mean": {
            "value": 129.3793103448276,
            "min": 77.83333333333333,
            "max": 534.7272727272727,
            "count": 40
        },
        "Huntercontroller.Environment.EpisodeLength.sum": {
            "value": 3752.0,
            "min": 1401.0,
            "max": 9098.0,
            "count": 40
        },
        "Huntercontroller.Step.mean": {
            "value": 199944.0,
            "min": 4939.0,
            "max": 199944.0,
            "count": 40
        },
        "Huntercontroller.Step.sum": {
            "value": 199944.0,
            "min": 4939.0,
            "max": 199944.0,
            "count": 40
        },
        "Huntercontroller.Policy.ExtrinsicValueEstimate.mean": {
            "value": 4.2115302085876465,
            "min": 0.13668715953826904,
            "max": 5.36401891708374,
            "count": 40
        },
        "Huntercontroller.Policy.ExtrinsicValueEstimate.sum": {
            "value": 383.249267578125,
            "min": 11.345033645629883,
            "max": 498.853759765625,
            "count": 40
        },
        "Huntercontroller.Environment.CumulativeReward.mean": {
            "value": 13.10344827586207,
            "min": -7.5,
            "max": 19.333333333333332,
            "count": 40
        },
        "Huntercontroller.Environment.CumulativeReward.sum": {
            "value": 380.0,
            "min": -105.0,
            "max": 625.0,
            "count": 40
        },
        "Huntercontroller.Policy.ExtrinsicReward.mean": {
            "value": 13.10344827586207,
            "min": -7.5,
            "max": 19.333333333333332,
            "count": 40
        },
        "Huntercontroller.Policy.ExtrinsicReward.sum": {
            "value": 380.0,
            "min": -105.0,
            "max": 625.0,
            "count": 40
        },
        "Huntercontroller.IsTraining.mean": {
            "value": 1.0,
            "min": 1.0,
            "max": 1.0,
            "count": 40
        },
        "Huntercontroller.IsTraining.sum": {
            "value": 1.0,
            "min": 1.0,
            "max": 1.0,
            "count": 40
        },
        "AgentController.Losses.PolicyLoss.mean": {
            "value": 0.03809273650229443,
            "min": 0.030469338105176574,
            "max": 0.04059584994101897,
            "count": 19
        },
        "AgentController.Losses.PolicyLoss.sum": {
            "value": 0.03809273650229443,
            "min": 0.030469338105176574,
            "max": 0.04059584994101897,
            "count": 19
        },
        "AgentController.Losses.ValueLoss.mean": {
            "value": 38.16450099945068,
            "min": 6.744801256656647,
            "max": 53.00181011199951,
            "count": 19
        },
        "AgentController.Losses.ValueLoss.sum": {
            "value": 38.16450099945068,
            "min": 6.744801256656647,
            "max": 53.00181011199951,
            "count": 19
        },
        "AgentController.Policy.LearningRate.mean": {
            "value": 7.144597618500009e-06,
            "min": 7.144597618500009e-06,
            "max": 0.00028456800514399993,
            "count": 19
        },
        "AgentController.Policy.LearningRate.sum": {
            "value": 7.144597618500009e-06,
            "min": 7.144597618500009e-06,
            "max": 0.00028456800514399993,
            "count": 19
        },
        "AgentController.Policy.Epsilon.mean": {
            "value": 0.10238150000000001,
            "min": 0.10238150000000001,
            "max": 0.19485600000000006,
            "count": 19
        },
        "AgentController.Policy.Epsilon.sum": {
            "value": 0.10238150000000001,
            "min": 0.10238150000000001,
            "max": 0.19485600000000006,
            "count": 19
        },
        "AgentController.Policy.Beta.mean": {
            "value": 0.0001288368500000001,
            "min": 0.0001288368500000001,
            "max": 0.004743314399999998,
            "count": 19
        },
        "AgentController.Policy.Beta.sum": {
            "value": 0.0001288368500000001,
            "min": 0.0001288368500000001,
            "max": 0.004743314399999998,
            "count": 19
        },
        "Huntercontroller.Losses.PolicyLoss.mean": {
            "value": 0.03181282787177224,
            "min": 0.030512198515316412,
            "max": 0.03860778146190569,
            "count": 19
        },
        "Huntercontroller.Losses.PolicyLoss.sum": {
            "value": 0.03181282787177224,
            "min": 0.030512198515316412,
            "max": 0.03860778146190569,
            "count": 19
        },
        "Huntercontroller.Losses.ValueLoss.mean": {
            "value": 11.030359172821045,
            "min": 2.3127283416688442,
            "max": 11.524235081672668,
            "count": 19
        },
        "Huntercontroller.Losses.ValueLoss.sum": {
            "value": 11.030359172821045,