{
    "name": "root",
    "gauges": {
        "Huntercontroller.Policy.Entropy.mean": {
            "value": 1.4709914922714233,
            "min": 1.4189385175704956,
            "max": 1.471751093864441,
            "count": 132
        },
        "Huntercontroller.Policy.Entropy.sum": {
            "value": 7390.26123046875,
            "min": 6175.220703125,
            "max": 8717.9580078125,
            "count": 132
        },
        "Huntercontroller.Environment.EpisodeLength.mean": {
            "value": 861.1666666666666,
            "min": 75.79166666666667,
            "max": 942.7142857142857,
            "count": 132
        },
        "Huntercontroller.Environment.EpisodeLength.sum": {
            "value": 10334.0,
            "min": 902.0,
            "max": 13949.0,
            "count": 132
        },
        "Huntercontroller.Step.mean": {
            "value": 659982.0,
            "min": 4978.0,
            "max": 659982.0,
            "count": 132
        },
        "Huntercontroller.Step.sum": {
            "value": 659982.0,
            "min": 4978.0,
            "max": 659982.0,
            "count": 132
        },
        "Huntercontroller.Policy.ExtrinsicValueEstimate.mean": {
            "value": 2.557116985321045,
            "min": -0.4943726658821106,
            "max": 5.272429943084717,
            "count": 132
        },
        "Huntercontroller.Policy.ExtrinsicValueEstimate.sum": {
            "value": 219.9120635986328,
            "min": -43.999168395996094,
            "max": 490.33599853515625,
            "count": 132
        },
        "Huntercontroller.Environment.CumulativeReward.mean": {
            "value": 14.166666666666666,
            "min": -12.352941176470589,
            "max": 20.0,
            "count": 132
        },
        "Huntercontroller.Environment.CumulativeReward.sum": {
            "value": 170.0,
            "min": -210.0,
            "max": 620.0,
            "count": 132
        },
        "Huntercontroller.Policy.ExtrinsicReward.mean": {
            "value": 14.166666666666666,
            "min": -12.352941176470589,
            "max": 20.0,
            "count": 132
        },
        "Huntercontroller.Policy.ExtrinsicReward.sum": {
            "value": 170.0,
            "min": -210.0,
            "max": 620.0,
            "count": 132
        },
        "Huntercontroller.IsTraining.mean": {
            "value": 1.0,
            "min": 1.0,
            "max": 1.0,
            "count": 132
        },
        "Huntercontroller.IsTraining.sum": {
            "value": 1.0,
            "min": 1.0,
            "max": 1.0,
            "count": 132
        },
        "AgentController.Policy.Entropy.mean": {
            "value": 1.4233253002166748,
            "min": 1.4183070659637451,
            "max": 1.4556580781936646,
            "count": 132
        },
        "AgentController.Policy.Entropy.sum": {
            "value": 7150.7861328125,
            "min": 5948.189453125,
            "max": 8717.9580078125,
            "count": 132
        },
        "AgentController.Environment.EpisodeLength.mean": {
            "value": 906.3636363636364,
            "min": 90.66666666666667,
            "max": 906.3636363636364,
            "count": 132
        },
        "AgentController.Environment.EpisodeLength.sum": {
            "value": 9970.0,
            "min": 457.0,
            "max": 14307.0,
            "count": 132
        },
        "AgentController.Step.mean": {
            "value": 659960.0,
            "min": 4942.0,
            "max": 659960.0,
            "count": 132
        },
        "AgentController.Step.sum": {
            "value": 659960.0,
            "min": 4942.0,
            "max": 659960.0,
            "count": 132
        },
        "AgentController.Policy.ExtrinsicValueEstimate.mean": {
            "value": 3.0768961906433105,
            "min": 0.193453848361969,
            "max": 15.905781745910645,
            "count": 132
        },
        "AgentController.Policy.ExtrinsicValueEstimate.sum": {
            "value": 258.45928955078125,
            "min": 15.47630786895752,
            "max": 1479.2376708984375,
            "count": 132
        },
        "AgentController.Environment.CumulativeReward.mean": {
            "value": 21.363636363636363,
            "min": -10.0,
            "max": 76.19047619047619,
            "count": 132
        },
        "AgentController.Environment.CumulativeReward.sum": {
            "value": 235.0,
            "min": -50.0,
            "max": 1810.0,
            "count": 132
        },
        "AgentController.Policy.ExtrinsicReward.mean": {
            "value": 21.363636363636363,
            "min": -10.0,
            "max": 76.19047619047619,
            "count": 132
        },
        "AgentController.Policy.ExtrinsicReward.sum": {
            "value": 235.0,
            "min": -50.0,
            "max": 1810.0,
            "count": 132
        },
        "AgentController.IsTraining.mean": {
            "value": 1.0,
            "min": 1.0,
            "max": 1.0,
            "count": 132
        },
        "AgentController.IsTraining.sum": {
            "value": 1.0,
            "min": 1.0,
            "max": 1.0,
            "count": 132
        },
        "Huntercontroller.Losses.PolicyLoss.mean": {
            "value": 0.03149119177542161,
            "min": 0.024333035313369087,
            "max": 0.04735097147592266,
            "count": 64
        },
        "Huntercontroller.Losses.PolicyLoss.sum": {
            "value": 0.03149119177542161,
            "min": 0.024333035313369087,
            "max": 0.04735097147592266,
            "count": 64
        },
        "Huntercontroller.Losses.ValueLoss.mean": {
            "value": 2.8121548811594645,
            "min": 2.0194139872988064,
            "max": 9.40162836710612,
            "count": 64
        },
        "Huntercontroller.Losses.ValueLoss.sum": {
            "value": 2.8121548811594645,
            "min": 2.0194139872988064,
            "max": 9.40162836710612,
            "count": 64
        },
        "Huntercontroller.Policy.LearningRate.mean": {
            "value": 0.00028024269658576985,
            "min": 0.00028024269658576985,
            "max": 0.00029969238010254005,
            "count": 64
        },
        "Huntercontroller.Policy.LearningRate.sum": {
            "value": 0.00028024269658576985,
            "min": 0.00028024269658576985,
            "max": 0.00029969238010254005,
            "count": 64
        },
        "Huntercontroller.Policy.Epsilon.mean": {
            "value": 0.19341423000000002,
            "min": 0.19341423000000002,
            "max": 0.1998974600000001,
            "count": 64
        },
        "Huntercontroller.Policy.Epsilon.sum": {
            "value": 0.19341423000000002,
            "min": 0.19341423000000002,
            "max": 0.1998974600000001,
            "count": 64
        },
        "Huntercontroller.Policy.Beta.mean": {
            "value": 0.004671370077000002,
            "min": 0.004671370077000002,
            "max": 0.004994883253999999,
            "count": 64
        },
        "Huntercontroller.Policy.Beta.sum": {
            "value": 0.004671370077000002,
            "min": 0.004671370077000002,
            "max": 0.004994883253999999,
            "count": 64
        },
        "AgentController.Losses.PolicyLoss.mean": {
            "value": 0.038102904589807925,
            "min": 0.025735253101447596,
            "max": 0.040982698790806654,
            "count": 64
        },
        "AgentController.Losses.PolicyLoss.sum": {
            "value": 0.038102904589807925,
            "min": 0.025735253101447596,
            "max": 0.040982698790806654,
            "count": 64
        },
        "AgentController.Losses.ValueLoss.mean": {
            "value": 14.91366536617279,
            "min": 3.705217595895131,
            "max": 83.70500342051189,
            "count": 64
        },